"","Gene","Blinded.ID","Cardiac.Category","NDD","CHR","POS","REF","ALT","pLI.Score","norm_mutperkb","specificity_score","phyloP","mult_score","add_score"
"1","ACTB","1-05094","CTD","Unknown",7,5569212,"G","A",0.94,0.95403051589838,0.168020467432494,0.350911779201577,0.0528749847566143,2.46583774728907
"2","ACTB","1-06528","other","No",7,5568826,"AG","A",0.94,0.95403051589838,0.168020467432494,0.835879743716116,0.12594940189216,3.02388012893915
"3","ACTB","1-06347","other","Yes",7,5568089,"C","T",0.94,0.95403051589838,0.168020467432494,0.900936421882701,0.135752067605465,3.09873947281904
"4","GATA4","1-06752","CTD","No",8,11615889,"TCTCCCGTCAG","T",0.8,0.919046657799198,0.452909831476589,0.301626416954165,0.100440454744055,2.57402336097401
"9","UTP14C","1-06937","other","No",13,52604123,"C","G",0.001,0.9971476184425,0.170244910266508,0.869886643666831,0.000147671353644516,2.03842684372948
"10","UTP14C","1-06937","other","No",13,52604139,"A","C",0.001,0.9971476184425,0.170244910266508,0.869886643666831,0.000147671353644516,2.03842684372948
